title,box_off_num
용서는 없다,100000
아빠가 여자를 좋아해,100000
하모니,100000
의형제,100000
평행 이론,100000
회오리 바람,100000
경계도시 2,100000
이웃집 남자,100000
아마존의 눈물 극장판,100000
반가운 살인자,100000
집 나온 남자들,100000
베스트셀러,100000
작은 연못,100000
경,100000
대한민국 1%,100000
포화 속으로,100000
나쁜 놈이 더 잘 잔다,100000
맨발의 꿈,100000
요술,100000
마법천자문: 대마왕의 부활을 막아라,100000
인플루언스,100000
미스터 좀비,100000
김복남 살인사건의 전말,100000
엄지아빠,100000
탈주,100000
해결사,100000
할,100000
된장,100000
조금만 더 가까이,100000
우리 만난 적 있나요,100000
쩨쩨한 로맨스,100000
용서,100000
브라보! 재즈 라이프,100000
카페 느와르,100000
오래된 인력거,100000
창피해,100000
"양 한 마리, 양 두 마리",100000
하얀 정글,100000
다슬이,100000
REC 알이씨,100000
량강도 아이들,100000
티끌모아 로맨스,100000
더 킥,100000
커플즈,100000
오늘,100000
완득이,100000
은어,100000
고래를 찾는 자전거,100000
도가니,100000
겨울냄새,100000
환타스틱 모던가야그머,100000
블라인드,100000
링크,100000
퀵,100000
모비딕,100000
굿바이 보이,100000
종로의 기적,100000
회초리,100000
체포왕,100000
세상에서 가장 아름다운 이별,100000
나는 아빠다,100000
수상한 고객들,100000
수상한 이웃들,100000
돌아오는 길,100000
우리 이웃의 범죄,100000
엄마는 창녀다,100000
위험한 상견례,100000
간증,100000
"사랑한다, 사랑하지 않는다",100000
"혜화, 동",100000
글러브,100000
가문의 귀환,100000
잔혹한 앵글의 로망스,100000
나의 PS 파트너,100000
롤플레이,100000
마티나,100000
음치 클리닉,100000
남영동1985,100000
돈 크라이 마미,100000
반드시 크게 들을 것 2 : Wild Days,100000
범죄소년,100000
내가 살인범이다,100000
터치,100000
늑대소년,100000
맥코리아,100000
용의자X,100000
하나안,100000
투 올드 힙합 키드,100000
한경직,100000
미운오리새끼,100000
황제펭귄 펭이와 솜이,100000
두 개의 문,100000
I AM,100000
후궁 : 제왕의 첩,100000
"안녕, 하세요!",100000
천국의 아이들,100000
할머니는 일학년,100000
두레소리,100000
"봄, 눈",100000
은교,100000
간기남,100000
시체가 돌아왔다,100000
말하는 건축가,100000
밀월도 가는 길,100000
파파,100000
점박이:한반도의 공룡3D,100000
댄싱퀸,100000
누구의 딸도 아닌 해원,100000
신세계,100000
굿바이 홈런,100000
불륜의 시대,100000
남쪽으로 튀어,100000
좋은 친구들,100000
지슬 - 끝나지 않은 세월 2,100000
누구나 제 명에 죽고 싶다,100000
사이코메트리,100000
환상속의 그대,100000
몽타주,100000
"힘내세요, 병헌씨",100000
꼭두각시,100000
홀리,100000
마이 라띠마,100000
더 테러 라이브,100000
슈퍼피쉬 - 끝없는 여정,100000
콩가네,100000
허풍,100000
젊은 엄마,100000
노라노,100000
노브레싱,100000
말하는 건축 시티:홀,100000
댄서김의 은밀한 교수법,100000
소원,100000
고양이 소녀,100000
롤플레이 2 : 동침,100000
동창생,100000
용의자,100000
미녀전쟁,100000
캐치미,100000
그 강아지 그 고양이,100000
화려한 외출,100000
오하이오 삿포로,100000
마이 리틀 히어로,100000
박수건달,100000
배꼽,100000
나가요 미스콜,100000
우아한 거짓말,100000
미스터 컴퍼니,100000
우리별 일호와 얼룩소,100000
찌라시: 위험한 소문,100000
조선미녀삼총사,100000
만찬,100000
한 번도 안 해본 여자,100000
살인자,100000
  이것이 우리의 끝이다,100000
그댄 나의 뱀파이어,100000
황제를 위하여,100000
레디액션! 폭력영화,100000
스퀴시랜드,100000
우는 남자,100000
하이힐,100000
도희야,100000
표적,100000
10분,100000
메이크 유어 무브,100000
카토 프로젝트,100000
녀녀녀,100000
방황하는 칼날,100000
바리새인,100000
욕망의 독: 중독,100000
설계,100000
레쓰링,100000
원 컷 - 어느 친절한 살인자의 기록,100000
픽업 아티스트,100000
옹녀뎐,100000
왓니껴,100000
족구왕,100000
내 연애의 기억,100000
바세코의 아이들,100000
명량,100000
군도: 민란의 시대,100000
산타바바라,100000
나는 야한 여자가 좋다,100000
숙희,100000
더 테너 리리코 스핀토,100000
기술자들,100000
신화 라이브 3D 더 레전드 컨티뉴스,100000
악사들,100000
울언니,100000
정사: 위험한 성적유희,100000
레디액션 청춘,100000
"제자, 옥한흠",100000
환상,100000
위층여자,100000
가자! 장미여관으로 3 - 방황,100000
나는 야한 여자가 좋다 3,100000
스물,100000
그라운드의 이방인,100000
살인의뢰,100000
살인캠프,100000
헬머니,100000
조류인간,100000
최강전사 미니특공대 : 새로운 악당의 습격,100000
생각보다 맑은,100000
고양이 장례식,100000
설해,100000
나의 절친 악당들,100000
연평해전,100000
극비수사,100000
성난 화가,100000
은밀한 유혹,100000
혜경궁 홍씨,100000
무뢰한,100000
간신,100000
연애의 맛,100000
잡식가족의 딜레마,100000
플랑크 상수,100000
장수상회,100000
파울볼,100000
춘희막이,100000
덫: 치명적인 유혹,100000
션샤인 러브,100000
사도,100000
돼지 같은 여자,100000
사랑이 이긴다,100000
슈퍼레이서 엔지,100000
제 7기사단,100000
고백,100000
미쓰 와이프,100000
위로공단,100000
베테랑,100000
악인은 살아 있다,100000
쓰리 썸머 나잇,100000
마돈나,100000
"나의 아들, 나의 어머니",100000
슬픈남자,100000
타이밍,100000
타투,100000
어떤이의 꿈,100000
해에게서 소년에게,100000
울보 권투부,100000
어떤살인,100000
말하지 못한 비밀,100000
조선안방 스캔들-칠거지악 2,100000
